Station code,Station Name,Minutes MISSING DATA,Minutes CARRY FORWARDS,Minutes TOTAL,Revenue MISSING DATA,Revenue CARRY FORWARDS,Revenue TOTAL
IRCONN,CONNECT FM (107.4 & 97.2 FM/NORTHANTS), -   , 94 , 94 , £-   , £5.79 , £5.79 
IROASI,HEART 96.6FM (96.6 FM/WATFORD), -   , 64 , 64 , £-   , £2.45 , £2.45 
IRSEND,RADIO ESSEX SOUTH 105.1, -   , 131 , 131 , £-   , £4.87 , £4.87 
IRBEAH,THE BEACH, -   , 65 , 65 , £-   , £19.73 , £19.73 
IRMELL,DREAM 100, -   , 62 , 62 , £-   , £11.81 , £11.81 
IRNONR,NORTH NORFOLK RADIO, -   , 58 , 58 , £-   , £0.85 , £0.85 
IRNRCH,RADIO NORWICH 99.9, -   , 65 , 65 , £-   , £27.33 , £27.33 
IRTWN2,TOWN 102, -   , 63 , 63 , £-   , £19.88 , £19.88 
IRJACK,106 JACK FM (OXFORDSHIRE)," 2,313 ", 4 ," 2,317 ", £185.06 , £25.90 , £210.95 
IROXGN,JACKFM 2, -   , 10 , 10 , £-   , £18.34 , £18.34 
IRBCON,FREE RADIO WOLVERHAMPTON, -   , 138 , 138 , £-   , £56.19 , £56.19 
IRBCSH,FREE RADIO (103.1 FM/SHROPSHIRE), -   , 133 , 133 , £-   , £13.20 , £13.20 
IRBRMB,FREE RADIO (96.4 FM/BIRMINGHAM), -   , 131 , 131 , £-   , £119.87 , £119.87 
IRMERC,FREE RADIO (97.0 & 102.9 FM/COVENTRY & WARWICKSHIRE), -   , 124 , 124 , £-   , £29.05 , £29.05 
IRR106,GEM 106, -   , 122 , 122 , £-   , £84.40 , £84.40 
IRWYVN,"FREE RADIO 96.7, 97.6 & 102.8FM/HEREFORDSHIRE&WORCESTERSHIRE", -   , 124 , 124 , £-   , £17.34 , £17.34 
IRXTRB,FREE RADIO 80S (1152 AM/BIRMINGHAM), -   , 2 , 2 , £-   , £1.70 , £1.70 
INVIRG,ABSOLUTE RADIO (1215 AM/UK), -   , 155 , 155 , £-   , £272.44 , £272.44 
IRAB60,ABSOLUTE RADIO 60S, -   ," 1,613 "," 1,613 ", £-   , £33.66 , £33.66 
IRAB70,ABSOLUTE RADIO 70'S, -   , -   , -   , £-   , £-   , £-   
IRAB90,ABSOLUTE 90'S, -   , 7 , 7 , £-   , £37.99 , £37.99 
IRAIRE,96.3 RADIO AIRE, -   , 210 , 210 , £-   , £39.70 , £39.70 
IRCITA,CITY TALK 105.9, -   , 18 , 18 , £-   , £11.43 , £11.43 
IRCITY,RADIO CITY 96.7, -   , 198 , 198 , £-   , £195.65 , £195.65 
IRHEAT,HEAT RADIO (DIGITAL/UK), -   ," 1,451 "," 1,451 ", £-   , £256.74 , £256.74 
IRHITD,THE HITS RADIO (DIGITAL/UK), -   , 558 , 558 , £-   , £51.28 , £51.28 
IRHLLM,HALLAM FM, -   , 225 , 225 , £-   , £124.08 , £124.08 
IRKERD,KERRANG! RADIO (DIGITAL/UK), -   , 149 , 149 , £-   , £20.56 , £20.56 
IRKEY,KEY 103, -   , 274 , 274 , £-   , £186.51 , £186.51 
IRKRNG,PLANET ROCK (105.2 FM/WEST MIDLANDS), -   , 44 , 44 , £-   , £6.47 , £6.47 
IRMAGD,MAGIC (DIGITAL/UK), -   , 61 , 61 , £-   , £47.11 , £47.11 
IRMELY,MAGIC 105.4 (GREATER LONDON), -   , 123 , 123 , £-   , £160.23 , £160.23 
IRMTRO,METRO RADIO, -   , 232 , 232 , £-   , £316.08 , £316.08 
IRPLDG,PLANET ROCK (DIGITAL/UK), -   , 116 , 116 , £-   , £140.10 , £140.10 
IRROSE,ROCK FM 97.4, -   , 223 , 223 , £-   , £164.35 , £164.35 
IRSOLN,WAVE 105, -   , 65 , 65 , £-   , £60.37 , £60.37 
IRTEES,TFM RADIO, -   , 207 , 207 , £-   , £51.93 , £51.93 
IRVCLA,ABSOLUTE CLASSIC ROCK, -   , -   , -   , £-   , £-   , £-   
IRVIRG,ABSOLUTE RADIO (105.8 FM/GREATER LONDON), -   , 73 , 73 , £-   , £171.16 , £171.16 
IRVKNG,96.9 VIKING FM, -   , 222 , 222 , £-   , £68.97 , £68.97 
IRVXTR,ABSOLUTE 80S, -   , 10 , 10 , £-   , £73.37 , £73.37 
IRCLY2,CLYDE 2, -   , 103 , 103 , £-   , £7.30 , £7.30 
IRMAX,FORTH 2, -   , 77 , 77 , £-   , £2.78 , £2.78 
IRMRYA,"MFR (1107 AM/HIGHLANDS, MORAY & ABERDEENSHIRE)", -   , 111 , 111 , £-   , £9.63 , £9.63 
IRNOR2,NORTHSOUND 2, -   , 127 , 127 , £-   , £7.37 , £7.37 
IRTAYM,TAY AM (1161 & 1584/DUNDEE & PERTH), -   , 68 , 68 , £-   , £8.46 , £8.46 
IRWSAM,WEST SOUND 1035AM, -   , 56 , 56 , £-   , £1.86 , £1.86 
IRGALX,"KISS (101, 97.2 FM/SOUTH WALES & THE WEST)", -   ," 1,094 "," 1,094 ", £-   , £300.72 , £300.72 
IRKISD,KISS (DIGITAL/UK), -   ," 1,076 "," 1,076 ", £-   , £869.76 , £869.76 
IRKISS,KISS (100 FM/LONDON), -   ," 1,104 "," 1,104 ", £-   ," £1,552.34 "," £1,552.34 "
IRQDIG,KISSTORY (DIGITAL/UK)," 1,282 ", 27 ," 1,308 ", £320.42 , £28.46 , £348.88 
IRSMHD,KISS FRESH (DIGITAL/UK), -   , 694 , 694 , £-   , £48.85 , £48.85 
IRVIBE,"KISS (105.6, 106.1, 106.4, 107.7 FM/EAST OF ENGLAND)", -   ," 1,101 "," 1,101 ", £-   , £281.25 , £281.25 
IRCOOL,COOL FM, -   , 528 , 528 , £-   , £375.78 , £375.78 
IRDOTO,DOWNTOWN COUNTRY RADIO," 204,535 ", -   ," 204,535 "," £3,941.53 ", £-   ," £3,941.53 "
IRDOWN,DOWNTOWN RADIO, -   , 219 , 219 , £-   , £126.52 , £126.52 
IRCITT,MAGIC 1548 (LIVERPOOL), -   , 69 , 69 , £-   , £3.68 , £3.68 
IRGNRM,METRO RADIO 2, -   , 74 , 74 , £-   , £2.65 , £2.65 
IRHLMG,HALLAM 2, -   , 77 , 77 , £-   , £16.40 , £16.40 
IRMAGC,RADIO AIRE 2, -   , 79 , 79 , £-   , £14.79 , £14.79 
IRPICC,KEY 2, -   , 95 , 95 , £-   , £2.15 , £2.15 
IRVMAG,VIKING 2, -   , 75 , 75 , £-   , £2.48 , £2.48 
IRBRDR,RADIO BORDERS, -   , 206 , 206 , £-   , £22.29 , £22.29 
IRCFM,CFM, -   , 234 , 234 , £-   , £65.18 , £65.18 
IRCLY1,CLYDE 1, -   , 151 , 151 , £-   , £240.79 , £240.79 
IRFRTH,FORTH ONE, -   , 197 , 197 , £-   , £182.42 , £182.42 
IRMORY,"MFR (97.4-102.8 FM/HIGHLANDS, MORAY & ABERDEENSHIRE)", -   , 210 , 210 , £-   , £39.93 , £39.93 
IRNSND,NORTHSOUND 1, -   , 467 , 467 , £-   , £149.83 , £149.83 
IRTAY,TAY FM (102.8 & 96.4/DUNDEE & PERTH), -   , 186 , 186 , £-   , £59.31 , £59.31 
IRWSND,96.7 WEST FM, -   , 189 , 189 , £-   , £65.82 , £65.82 
IRBFBS,BFBS RADIO UK, -   ," 4,120 "," 4,120 ", £-   , £206.97 , £206.97 
IR3TR,THE BREEZE (107.5 FM/FROME & WEST WILTSHIRE)," 35,009 ", 153 ," 35,162 ", £700.17 , £3.55 , £703.73 
IR603,THE BREEZE (107.5 FM/CHELTENHAM AND NORTH GLOUCESTERSHIRE)," 34,827 ", 157 ," 34,984 ", £696.54 , £5.75 , £702.28 
IRANDO,THE BREEZE (106.4 FM/ANDOVER), -   , 110 , 110 , £-   , £1.75 , £1.75 
IRB107,THE BREEZE - NORTH SOMERSET, -   , 117 , 117 , £-   , £2.16 , £2.16 
IRBATH,THE BREEZE (107.9 FM/BATH), -   , 155 , 155 , £-   , £2.86 , £2.86 
IRBRNL,107 JACK FM (SWINDON)," 4,720 ", 1 ," 4,721 ", £94.40 , £0.02 , £94.42 
IRDELT,THE BREEZE (97-102 FM EAST HANTS & S.W. SUR), -   , 153 , 153 , £-   , £5.77 , £5.77 
IRIVEL,THE BREEZE (105.6 & 106.6 FM/YEOVIL & SOUTH SOMERSET), -   , 117 , 117 , £-   , £13.48 , £13.48 
IRKEST,THE BREEZE (107.6 FM/BASINGSTOKE & NORTH HAMPSHIRE), -   , 114 , 114 , £-   , £4.83 , £4.83 
IRKUTE,THE BREEZE (107.2 FM/BRISTOL), -   , 153 , 153 , £-   , £8.57 , £8.57 
IRNRG,FIRE FM, -   , 249 , 249 , £-   , £15.01 , £15.01 
IRORIB,SAM FM BRISTOL, -   , 8 , 8 , £-   , £0.35 , £0.35 
IRORIS,SAM FM SOUTH, -   , 2 , 2 , £-   , £12.69 , £12.69 
IRPALM,THE BREEZE SOUTH DEVON, -   , 162 , 162 , £-   , £50.14 , £50.14 
IRQUAY,THE BREEZE (107.4 FM/BRIDGWATER & WEST SOMERSET), -   , 157 , 157 , £-   , £5.65 , £5.65 
IRVICT,THE BREEZE (107.4 FM/PORTSMOUTH), -   , 155 , 155 , £-   , £6.11 , £6.11 
IRBAY,THE BAY," 1,019 ", 53 ," 1,072 ", £152.79 , £7.77 , £160.56 
IRLAKE,LAKELAND RADIO, -   , 212 , 212 , £-   , £5.95 , £5.95 
IRSMOR,REAL RADIO XS (106.1 FM/MANCHESTER), -   , 3 , 3 , £-   , £0.14 , £0.14 
IRBEAT,105-106 CAPITAL FM (CENTRAL SCOTLAND), -   , 324 , 324 , £-   , £194.14 , £194.14 
IRREDD,CAPITAL SOUTH WALES, -   , 523 , 523 , £-   , £204.45 , £204.45 
IRVRTY,HEART (106-108 FM/SOUTH & WEST YORKSHIRE), -   , 31 , 31 , £-   , £26.35 , £26.35 
IRJFM,SMOOTH RADIO (100.4 FM/NORTH WEST), -   , 19 , 19 , £-   , £82.73 , £82.73 
IRSAGN,SMOOTH EAST MIDLANDS (106.6 FM), -   , 18 , 18 , £-   , £64.14 , £64.14 
IRSMOO,SMOOTH NORTH EAST (97.5 & 107.7 FM), -   , 19 , 19 , £-   , £53.27 , £53.27 
IRDEE,CHESTER'S DEE 106.3, -   , 491 , 491 , £-   , £17.01 , £17.01 
IRSILK,CHESHIRE'S SILK 106.9, -   , 658 , 658 , £-   , £27.27 , £27.27 
INCLAS,CLASSIC FM, -   , 110 , 110 , £-   , £492.93 , £492.93 
IRCHIL,CHILL (DIGITAL/UK), -   , 66 , 66 , £-   , £31.42 , £31.42 
IRCHOI,CAPITAL XTRA (96.9 FM/SOUTH LONDON & DAB UK), -   ," 1,222 "," 1,222 ", £-   , £611.75 , £611.75 
IRCRAS,CAPITAL LIVERPOOL (107.6 FM), -   , 219 , 219 , £-   , £75.99 , £75.99 
IRNTLK,LBC TALK 97.3 FM, 132 , 115 , 247 , £122.84 , £106.61 , £229.45 
IRNWFM,LBC NEWS 1152 AM, -   , 482 , 482 , £-   , £355.99 , £355.99 
IRQ96,XFM (96.3 FM/SCOTLAND) CEASED, -   , 16 , 16 , £-   , £0.69 , £0.69 
IRSMEX,SMOOTH EXTRA, 103 , 11 , 113 , £507.72 , £1.16 , £508.87 
IRXFML,XFM (104.9 FM/GREATER LONDON), -   , 500 , 500 , £-   , £373.88 , £373.88 
IRXFMM,XFM (97.7 FM/GREATER MANCHESTER), -   , 506 , 506 , £-   , £113.76 , £113.76 
IRBUZZ,HEART (97.1 FM/WIRREL), -   , 333 , 333 , £-   , £8.49 , £8.49 
IRCHAM,HEART CYMRU 103, -   , 316 , 316 , £-   , £7.96 , £7.96 
IRCHOO,102.2 CAPITAL FM (BIRMINGHAM), -   ," 2,048 "," 2,048 ", £-   ," £1,052.35 "," £1,052.35 "
IRCPTL,95.8 CAPITAL FM (GREATER LONDON), -   , 352 , 352 , £-   ," £1,095.16 "," £1,095.16 "
IRGLXD,CAPITAL (DIGITAL/UK), -   , 433 , 433 , £-   , £26.83 , £26.83 
IRGXNE,105-106 CAPITAL FM (NORTH EAST ENGLAND), -   , 291 , 291 , £-   , £145.17 , £145.17 
IRKIFM,105 CAPITAL FM (YORKSHIRE), -   ," 1,030 "," 1,030 ", £-   ," £1,249.75 "," £1,249.75 "
IRKSSS,102 CAPITAL FM (GREATER MANCHESTER), -   ," 1,146 "," 1,146 ", £-   , £785.42 , £785.42 
IRLEIC,96-106 CAPITAL FM (105.4/EAST MIDLANDS), -   , 415 , 415 , £-   , £76.61 , £76.61 
IRMFMM,CAPITAL (103.4 FM/WREXHAM & CHESHIRE), -   , 415 , 415 , £-   , £33.86 , £33.86 
IRPOWR,CAPITAL FM FAREHAM (103.2 SOUTH HAMPSHIRE), -   , 415 , 415 , £-   , £136.74 , £136.74 
IRRAMM,RAM FM, -   , 420 , 420 , £-   , £67.52 , £67.52 
IRTRNT,96-106 CAPITAL FM (96.2/EAST MIDLANDS), -   , 471 , 471 , £-   , £273.51 , £273.51 
IRFORT,GOLD (1458 AM/MANCHESTER)," 125,296 ", 12 ," 125,308 "," £5,011.84 ", £0.52 ," £5,012.36 "
IRGEMT,GOLD (999 AM/NOTTINGHAM), -   , 949 , 949 , £-   , £17.69 , £17.69 
IRGOLD,GOLD (1548 AM/LONDON), -   , 951 , 951 , £-   , £200.14 , £200.14 
IR TEN,HEART (101.7 FM/ESSEX & EAST HERTS), -   , 323 , 323 , £-   , £20.87 , £20.87 
IR2TEN,HEART BERKSHIRE 102.9 & 97.0, -   , 198 , 198 , £-   , £79.98 , £79.98 
IRATLA,HEART (105.1 & 107 FM/CORNWALL), -   , 165 , 165 , £-   , £21.19 , £21.19 
IRBRDS,HEART (102.4 FM/NORFOLK), -   , 99 , 99 , £-   , £26.32 , £26.32 
IRC105,HEART (105.4 FM/NORTH WEST ENGLAND), -   , 43 , 43 , £-   , £171.57 , £171.57 
IRCHLN,HEART (96.9 FM/BEDFORD), -   , 634 , 634 , £-   , £131.29 , £131.29 
IRCHLS,HEART DUNSTABLE 97.6 FM, -   , 66 , 66 , £-   , £15.76 , £15.76 
IRCNFM,HEART (103 FM CAMBRIDGE), -   , 274 , 274 , £-   , £47.33 , £47.33 
IRCNTY,HEART NORTH EAST, -   , 33 , 33 , £-   , £45.14 , £45.14 
IRCOLC,HEART (96.1 FM COLCHESTER), -   , 531 , 531 , £-   , £58.48 , £58.48 
IRESSX,HEART ESSEX 96.3 & 102.6 FM, -   ," 2,043 "," 2,043 ", £-   ," £1,535.58 "," £1,535.58 "
IRFOXX,HEART (102.6 & 97.4 FM/OXFORDSHIRE), -   , 676 , 676 , £-   , £217.18 , £217.18 
IRGEMI,HEART (97.0 & 103 FM/EXETER), -   , 388 , 388 , £-   , £184.42 , £184.42 
IRHAMS,HEART (100-102 FM/SOUTH DEVON), -   , 186 , 186 , £-   , £4.09 , £4.09 
IRHEEX,HEART EXTRA, -   , 30 , 30 , £-   , £3.42 , £3.42 
IRHEFM,HEART (100.7 FM/WEST MIDLANDS), -   , 211 , 211 , £-   , £280.96 , £280.96 
IRHENW,HEART NORTH WALES, -   , 29 , 29 , £-   , £5.23 , £5.23 
IRHERE,HEART (102.7 FM/PETERBOROUGH & CAMBRIDGE), -   , 302 , 302 , £-   , £84.64 , £84.64 
IRHFML,HEART (106.2 FM/GREATER LONDON), -   , 112 , 112 , £-   , £278.51 , £278.51 
IRHORZ,HEART (103.3 FM/MILTON KEYNES), -   , 538 , 538 , £-   , £113.34 , £113.34 
IRHRTD,HEART (DIGITAL/UK), -   , 207 , 207 , £-   , £61.48 , £61.48 
IRIVIC,HEART (95.9-102.8 FM/KENT), -   , 516 , 516 , £-   , £478.76 , £478.76 
IRLANT,HEART (96.2 & 97.3 FM/NORTH DEVON), -   , 162 , 162 , £-   , £16.81 , £16.81 
IRMCCT,CAPITAL (96.3 FM/NORTH WALES COAST), -   , 303 , 303 , £-   , £13.83 , £13.83 
IRMRCY,HEART (102.7 FM/SUSSEX)," 111,442 ", 509 ," 111,951 "," £16,716.32 ", £76.22 ," £16,792.54 "
IRNOFM,HEART (96.6 FM/NORTHAMPTON), -   , 64 , 64 , £-   , £15.92 , £15.92 
IROCSN,HEART HAMPSHIRE (97.5 & 96.7 FM), -   , 61 , 61 , £-   , £20.29 , £20.29 
IRORCH,HEART SOMERSET (102.6 FM/WEST COUNTRY), -   , 337 , 337 , £-   , £84.93 , £84.93 
IRORWL,HEART IPSWICH (96.4 & 97.1 FM/BURY ST EDMUNDS), -   , 431 , 431 , £-   , £76.85 , £76.85 
IRPLYM,HEART PLYMOUTH (97.0 & 96.6 FM), -   , 449 , 449 , £-   , £87.76 , £87.76 
IRREAL,HEART (105-106 FM/WALES), -   , 73 , 73 , £-   , £13.65 , £13.65 
IRSCOT,HEART (100-101 FM/CENTRAL SCOTLAND), -   , 31 , 31 , £-   , £30.11 , £30.11 
IRSEVN,HEART (102.4 FM/GLOUCESTER & CHELTENHAM), -   , 294 , 294 , £-   , £69.03 , £69.03 
IRSNEB,HEART (102.4 FM/SUSSEX)," 4,248 ", 63 ," 4,311 "," £2,506.16 ", £37.30 ," £2,543.46 "
IRTWOC,HEART (102.3 FM/SOUTH HAMPSHIRE & WEST SUSSEX), -   , 61 , 61 , £-   , £14.17 , £14.17 
IRWEST,HEART (96-103 FM/WEST COUNTRY), -   , 408 , 408 , £-   , £170.76 , £170.76 
IRWILT,HEART (96.3 FM/SWINDON), -   , 346 , 346 , £-   , £148.70 , £148.70 
IRAMBE,SMOOTH IPSWICH SUFFOLK, -   , 198 , 198 , £-   , £3.25 , £3.25 
IRAMBN,SMOOTH RADIO (1152 AM/NORFOLK), -   , 11 , 11 , £-   , £0.29 , £0.29 
IRBREZ,SMOOTH RADIO CHELMSFORD (1359 & 1431), -   ," 1,029 "," 1,029 ", £-   , £29.20 , £29.20 
IRBRUE,SMOOTH RADIO SWINDON (936 & 1161 AM), -   , 34 , 34 , £-   , £0.48 , £0.48 
IRBRUW,SMOOTH RADIO BRISTOL (1260 AM)," 33,804 ", 11 ," 33,815 ", £676.09 , £0.23 , £676.32 
IRCOAS,SMOOTH RADIO KENT, -   , 931 , 931 , £-   , £21.30 , £21.30 
IRJAZZ,SMOOTH RADIO (102.2 FM/LONDON), -   , 17 , 17 , £-   , £77.38 , £77.38 
IRMSND,SMOOTH RADIO CHESHIRE (1260 AM), -   , 11 , 11 , £-   , £0.28 , £0.28 
IRSAGA,SMOOTH WEST MIDLANDS (105.7 FM), -   , 18 , 18 , £-   , £49.31 , £49.31 
IRSAGS,SMOOTH RADIO SCOTLAND (105.2 FM), -   , 13 , 13 , £-   , £27.35 , £27.35 
IRSCOA,SMOOTH HANTS (1170 & 1157 AM), -   , 36 , 36 , £-   , £1.37 , £1.37 
IRSOUT,SMOOTH RADIO (1323 & 945 AM/SUSSEX), -   , 47 , 47 , £-   , £1.29 , £1.29 
IRSVSG,SMOOTH RADIO (774 AM/GLOUCESTER), -   , 11 , 11 , £-   , £0.58 , £0.58 
IRTOUC,SMOOTH RADIO (1305 & 1359 AM/SOUTH WALES), -   , 493 , 493 , £-   , £32.31 , £32.31 
IRWGMS,SMOOTH RADIO (1332 AM/CAMBRIDGESHIRE), -   , 68 , 68 , £-   , £1.35 , £1.35 
IR3FM,3FM, -   , 93 , 93 , £-   , £3.46 , £3.46 
IRALMA,RADIO AL MAHABBA, -   , 3 , 3 , £-   , £4.81 , £4.81 
IRBRAD,SUNRISE RADIO (YORKSHIRE), 35 , 97 , 132 , £53.14 , £147.05 , £200.19 
IRCENT,103.1 CENTRAL FM, -   , 36 , 36 , £-   , £1.46 , £1.46 
IRDVRY,WAVE 102, -   , 227 , 227 , £-   , £27.33 , £27.33 
IREXFM,107.3 FM RADIO EXE, -   , 93 , 93 , £-   , £14.13 , £14.13 
IRFUN,FUN KIDS (DIGITAL/UK), -   , 16 , 16 , £-   , £151.34 , £151.34 
IRGREE,LONDON GREEK RADIO, -   , 82 , 82 , £-   , £251.52 , £251.52 
IRHERT,BOB FM (106.7 & 106.9 FM/HERTFORDSHIRE), -   , 10 , 10 , £-   , £0.94 , £0.94 
IRHIPK,HIGH PEAK RADIO," 3,059 ", 81 ," 3,140 ", £61.18 , £49.22 , £110.40 
IRJZFM,JAZZ FM (DIGITAL/UK), -   ," 3,445 "," 3,445 ", £-   , £808.13 , £808.13 
IRKING,KINGDOM FM, -   , 453 , 453 , £-   , £38.13 , £38.13 
IRMANS,MANSFIELD 103.2, -   , 529 , 529 , £-   , £88.80 , £88.80 
IRMANX,MANX RADIO, 746 , 560 ," 1,306 ", £89.47 , £94.76 , £184.23 
IROHAM,OLDHAM FM (96.2 THE REVOLUTION), -   , 447 , 447 , £-   , £21.80 , £21.80 
IRORAB,ORIGINAL ABERDEEN FM 106," 3,314 ", 17 ," 3,331 ", £464.00 , £60.78 , £524.78 
IRPLMT,RADIO PLYMOUTH, -   , 123 , 123 , £-   , £6.83 , £6.83 
IRREAD,107 JACK FM (BERKSHIRE), -   , -   , -   , £-   , £-   , £-   
IRSABR,SABRAS RADIO, -   , 30 , 30 , £-   , £116.49 , £116.49 
IRSPEC,SPECTRUM RADIO, -   , 30 , 30 , £-   , £591.20 , £591.20 
IRSURF,JUICE 107.2 FM (BRIGHTON & HOVE)," 374,567 ", 4 ," 374,570 "," £14,858.03 ", £0.13 ," £14,858.17 "
IRTHAM,107.8 RADIO JACKIE, -   , 806 , 806 , £-   , £39.70 , £39.70 
IRTRAN,TWR (DIGITAL/UK), 156 , 4 , 160 ," £1,702.08 ", £42.61 ," £1,744.68 "
IRCTFM,KMFM (106 FM/CANTERBURY), -   ," 1,227 "," 1,227 ", £-   , £127.06 , £127.06 
IRCTR,KMFM (105.6 FM/MAIDSTONE), -   ," 1,225 "," 1,225 ", £-   , £29.26 , £29.26 
IRKMAS,KMFM (107.6 FM/ASHFORD), -   ," 1,233 "," 1,233 ", £-   , £44.76 , £44.76 
IRKMDG,KMFM (DIGITAL/KENT), -   , 56 , 56 , £-   , £0.68 , £0.68 
IRMEDW,KMFM (107.9 FM/MEDWAY TOWNS), -   ," 1,234 "," 1,234 ", £-   , £86.83 , £86.83 
IRNEPT,KMFM (96.4 FM/FOLKESTONE & DOVER), -   ," 1,230 "," 1,230 ", £-   , £61.07 , £61.07 
IRNKFM,KMFM WEST KENT (96.2 & 101.6 FM/TUNBRIDGE WELLS & SEVENOAKS), -   ," 1,248 "," 1,248 ", £-   , £93.45 , £93.45 
IRTHNT,"KMFM (107.2 FM/THANET, SANDWICH & DEAL)", -   ," 1,239 "," 1,239 ", £-   , £117.58 , £117.58 
IRCOMP,COMPASS FM, -   , 56 , 56 , £-   , £8.72 , £8.72 
IRDEAR,DEARNE FM, -   , 27 , 27 , £-   , £75.79 , £75.79 
IRDONC,TRAX FM (107.1/DONCASTER), -   , 15 , 15 , £-   , £10.15 , £10.15 
IRKCFM,KCFM, -   , 40 , 40 , £-   , £24.29 , £24.29 
IRLINC,LINCS FM 102.2, -   , 22 , 22 , £-   , £16.42 , £16.42 
IRRIDI,RIDINGS FM, -   , 24 , 24 , £-   , £16.73 , £16.73 
IRROTH,ROTHER FM, -   , 21 , 21 , £-   , £0.53 , £0.53 
IRRUTL,RUTLAND RADIO, -   , 90 , 90 , £-   , £1.23 , £1.23 
IRTRAX,TRAX FM (107.9/BASSETLAW), -   , 13 , 13 , £-   , £2.20 , £2.20 
IRCLUB,SUNRISE RADIO 963/972 AM, -   , 59 , 59 , £-   , £677.94 , £677.94 
IRACTV,TIME 107.5, -   , 232 , 232 , £-   , £4.82 , £4.82 
IRCTRY,RADIO 1035, -   , 54 , 54 , £-   , £146.86 , £146.86 
IRSUNR,RADIO 1458, -   , 90 , 90 , £-   , £399.63 , £399.63 
IRAROW,"ARROW FM (107.8/HASTINGS, BEXHILL & BATTLE)", -   , 589 , 589 , £-   , £14.34 , £14.34 
IRBRIT,"BRIGHT FM (106.4/BURGESS HILL, HAYWARDS HEATH & LEWES)", -   , 589 , 589 , £-   , £10.70 , £10.70 
IRISLE,ISLE OF WIGHT RADIO, -   , 625 , 625 , £-   , £25.69 , £25.69 
IRSOVE,SOVEREIGN FM (107.5/EASTBOURNE & HAILSHAM), -   , 592 , 592 , £-   , £33.36 , £33.36 
IRSPLA,"SPLASH FM (107.7/WORTHING, LITTLEHAMPTON & SHOREHAM)", -   , 592 , 592 , £-   , £21.95 , £21.95 
IRBELF,BELFAST CITYBEAT 96.7 / 102.5FM, -   , 326 , 326 , £-   , £48.19 , £48.19 
IRCAUS,Q RADIO 97.2 (COLERAINE)," 1,933 ", 334 ," 2,266 ", £57.98 , £20.14 , £78.12 
IRMAID,Q RADIO 102.9 (LONDONDERRY), -   , 336 , 336 , £-   , £18.35 , £18.35 
IRMID,Q RADIO 106 (MID-ULSTER)," 1,933 ", 332 ," 2,265 ", £57.98 , £12.70 , £70.68 
IRQ101,Q101.2 FM, -   , 331 , 331 , £-   , £22.42 , £22.42 
IRQ105,Q100.5 FM," 1,933 ", 333 ," 2,266 ", £115.97 , £32.87 , £148.84 
IRCSND,EAGLE 3," 92,472 ", 280 ," 92,752 "," £5,548.31 ", £17.08 ," £5,565.39 "
IRPRAI,PREMIER PRAISE, -   , 35 , 35 , £-   , £15.97 , £15.97 
IRPREM,PREMIER CHRISTIAN RADIO, -   , 20 , 20 , £-   , £162.09 , £162.09 
IRPRGO,PREMIER GOSPEL, -   , 16 , 16 , £-   , £79.68 , £79.68 
IRBEAR,TOUCH FM STRATFORD, -   , 90 , 90 , £-   , £10.49 , £10.49 
IRCNTR,TOUCH FM STAFFORDSHIRE, -   , 261 , 261 , £-   , £29.40 , £29.40 
IRHARM,TOUCH FM (96.2 FM/COVENTRY), -   , 275 , 275 , £-   , £4.94 , £4.94 
IRTUCH,107.6 BANBURY SOUND, -   , 279 , 279 , £-   , £14.46 , £14.46 
IRCHNL,CHANNEL 103 FM," 1,060 ", 772 ," 1,832 ", £180.28 , £132.95 , £313.23 
IRISLD,104.7 ISLAND FM, -   , 176 , 176 , £-   , £82.90 , £82.90 
IRBRDG,106.3 BRIDGE FM, -   , 81 , 81 , £-   , £73.74 , £73.74 
IRCARM,RADIO CARMARTHENSHIRE, -   , 74 , 74 , £-   , £4.10 , £4.10 
IRCERE,RADIO CEREDIGION," 3,241 ", -   ," 3,241 "," £3,137.21 ", £-   ," £3,137.21 "
IRNATR,NATION RADIO, -   , 214 , 214 , £-   , £24.93 , £24.93 
IRPEMB,102.5 RADIO PEMBROKESHIRE, -   , 73 , 73 , £-   , £7.29 , £7.29 
IRSBRC,NATION HITS, -   , 120 , 120 , £-   , £4.45 , £4.45 
IRA1FM,STAR RADIO (103.2 FM/DARLINGTON), -   , 691 , 691 , £-   , £45.10 , £45.10 
IRBURN,TWO BOROUGHS RADIO (2BR), -   , 593 , 593 , £-   , £80.42 , £80.42 
IRCAMB,CAMBRIDGE RADIO (STAR 107), -   , 691 , 691 , £-   , £20.87 , £20.87 
IRKLFM,KL.FM 96.7, -   , 658 , 658 , £-   , £51.44 , £51.44 
IRMGFD,96.4 EAGLE RADIO, -   , 698 , 698 , £-   , £113.05 , £113.05 
IRMINS,MINSTER FM, -   , 594 , 594 , £-   , £74.50 , £74.50 
IRMIX,MIX 96, -   , 961 , 961 , £-   , £83.92 , £83.92 
IRPART,PIRATE FM, -   , 669 , 669 , £-   , £222.85 , £222.85 
IRSPIR,SPIRE FM, -   , 793 , 793 , £-   , £51.52 , £51.52 
IRSPIT,SPIRIT FM, -   , 593 , 593 , £-   , £51.85 , £51.85 
IRSTRY,STRAY FM (97.2/HARROGATE), -   , 656 , 656 , £-   , £138.42 , £138.42 
IRWEAR,103.4 SUN FM, -   , 593 , 593 , £-   , £53.19 , £53.19 
IRWESS,WESSEX FM, -   , 593 , 593 , £-   , £57.92 , £57.92 
IRYCST,YORKSHIRE COAST RADIO, -   , 712 , 712 , £-   , £56.08 , £56.08 
INTALK,TALKSPORT," 5,738 ", 95 ," 5,832 "," £4,877.13 ", £35.74 ," £4,912.87 "
IRCGWY,PULSE 2, -   , 277 , 277 , £-   , £9.86 , £9.86 
IRPEAK,PEAK FM, -   , 10 , 10 , £-   , £0.90 , £0.90 
IRPENN,PULSE 1 FM, -   , 17 , 17 , £-   , £1.59 , £1.59 
IRSGLD,SIGNAL 2 (1170 AM/STAFFORDSHIRE & CHESHIRE), -   , 35 , 35 , £-   , £4.03 , £4.03 
IRSIGN,"SIGNAL 1 (102.6, 96.4 & 96.9 FM/STAFFORDSHIRE & CHESHIRE)", -   , 17 , 17 , £-   , £5.49 , £5.49 
IRSWAN,SWANSEA SOUND, -   , 40 , 40 , £-   , £5.87 , £5.87 
IRSWAV,96.4 THE WAVE, -   , 17 , 17 , £-   , £4.23 , £4.23 
IRTOWR,107.4 TOWER FM, -   , 7 , 7 , £-   , £0.23 , £0.23 
IRU105,U105 (105.8 FM/GREATER BELFAST), -   , 129 , 129 , £-   , £47.78 , £47.78 
IRVGIN,VIRGIN RADIO, -   , 97 , 97 , £-   , £1.72 , £1.72 
IRWAVE,RADIO WAVE 96.5 FM, -   , 11 , 11 , £-   , £5.62 , £5.62 
IRWIRE,107.2 WIRE FM, -   , 8 , 8 , £-   , £2.23 , £2.23 
IRWISH,102.4 WISH FM, -   , 7 , 7 , £-   , £0.47 , £0.47 
IRWOLF,SIGNAL 107 (107.7 FM/WOLVERHAMPTON), -   , 10 , 10 , £-   , £0.40 , £0.40 